,date,text,top_image,keywords,summary,url,query,is_shop
0,,"Доллар США – официальная валюта Соединенных Штатов Америки. Банковский код - USD. Обозначается знаком $. 1 доллар равен 100 центам. Номиналы банкнот в обращении: 100, 50, 20, 10, 5, 2 (сравнительно редкая банкнота), 1 доллар, а также монеты 1 доллар, 50, 25, 10, 5 и 1 цент. Кроме того, существуют банкноты номиналом 500, 1 000, 5 000, 10 000 и 100 000, которые использовались ранее для взаиморасчетов в рамках Федеральной резервной системы, однако с 1945 года более не выпускаются, а с 1969 года официально выведены из обращения, так как им на смену пришла электронная система платежей. Название денежной единицы, согласно наиболее распространенной версии, происходит от средневековой монеты талер, чеканившейся в Германии.

Традиционно на лицевой стороне доллара США изображаются президенты и политические деятели Соединенных Штатов. На современных банкнотах это Бенджамин Франклин – 100 долларов, Улисс Грант – 50, Эндрю Джексон – 20, Александр Гамильтон – 10, Авраам Линкольн – 5, Томас Джефферсон – 2 и Джордж Вашингтон – 1 доллар. На оборотной стороне изображены памятники истории: 100 долларов - Индепенденс-холл, где была подписана Декларация независимости, 50 – Капитолий, 20 – Белый дом, 10 – Казначейство США, 5 – мемориал Линкольна в Вашингтоне. Банкнота в 1 доллар на обороте имеет особый рисунок, состоящий из двустороннего изображения так называемой Большой печати США, используемой для подтверждения подлинности документов, выпущенных правительством, и хранящейся в Вашингтоне.

Считается, что для противодействия печатанию фальшивых долларов дизайн необходимо менять не реже одного раза в 7-10 лет. При этом абсолютно все выпущенные банкноты США начиная с 1861 года, когда деньги были впервые эмитированы в бумажном виде, являются на территории Соединенных Штатов законным платежным средством.

Впервые решение о выпуске долларов США было принято конгрессом в 1786 году, а в 1792-м они стали основной расчетной валютой государства. С 1796 года введен принцип биметаллической денежной единицы, то есть чеканились как серебряные, так и золотые монеты. При этом каждый раз в результате изменения соотношения цен на два драгоценных металла либо одни, либо другие монеты исчезали из обращения. До 1857 года на территории США иностранные деньги (прежде всего испанские песо, а позже мексиканские доллары) также служили законным платежным средством.

В 1900 году был принят закон о золотом стандарте. К этому моменту 1 доллар соответствовал 1,50463 грамма чистого золота. В 1933 году он впервые оказался девальвирован на 41% в результате Великой депрессии. Тройская унция золота стала стоить 35 долларов.

В конце Второй мировой войны в результате Бреттон-Вудского соглашения доллар стал единственной денежной единицей, обменивавшейся на золото, при этом курсы остальных мировых валют привязывались к американской. Одновременно в послевоенные годы Соединенные Штаты сделались основным кредитором Европы. Таким образом, доллар США превратился в мировую расчетную валюту и занял свое место в резервах центральных банков.

Однако уже к 1960 году хронический дефицит бюджета США привел к тому, что количество долларов, которыми владели кредиторы по всему миру, превысило размеры золотого запаса. Усложнил ситуацию кризис 1969-70 годов. В результате в 1971-м обмен долларов на золото был окончательно прекращен после соответствующего заявления президента Ричарда Никсона.

В течение 1970-х годов курс доллара снижался. Ситуация усугубилась кризисом 1975-76 годов. В 1976 году в результате международного соглашения была создана новая – Ямайская валютная система, которая окончательно узаконила отказ от золотого обеспечения валют.

Укрепление доллара в 1980-е поставило американских производителей в невыгодное положение относительно других стран. В результате было принято решение о девальвации доллара путем урезания процентных ставок. И к 1991 году удалось фактически вдвое снизить обменный курс по отношению к японской иене, фунту и немецкой марке.

В 1992 году в результате падения британского фунта стерлингов и кризиса в Европе доллар подорожал почти на 30%, но с апреля 1993-го его котировки вновь стали снижаться - вплоть до 1998 года, когда произошло значительное ослабление доллара по отношению к японской иене - с 136 до 111 в течение трех дней. Это было связано с массовой репатриацией средств японских инвесторов в результате кризиса рынков развивающихся стран, в том числе дефолта в России.

1999-2001 годы - период нового укрепления доллара США, который был остановлен Федеральной резервной системой, снизившей процентные ставки до 2%, для того чтобы стимулировать экономику.

Наиболее важным событием для доллара стало создание в 1999 году единой европейской валюты, в которую центральные банки многих стран - кредиторов Соединенных Штатов перевели часть своих резервов.

На лето 2011 года доллар США котируется в пределах 1,40-1,46 доллара за евро, 76-78 японских иен за доллар и 1,62-64 доллара за фунт.

Несмотря на конкуренцию с евро, на сегодняшней день валюта Соединенных Штатов занимает ведущее место в резервах центральных банков. Кроме того, она остается основной расчетной валютой между странами в международной торговле, а также является базовой при расчетах через платежные системы по пластиковым картам вне зоны Европейского союза, где преобладает евро.

Доллар США – основная валюта рынка Forex. Через эту валюту проходят сделки и выставляются основные котировки.

Мнения специалистов относительно будущего доллара диаметрально противоположны. С одной стороны, многие считают, что в ближайшее время крах долларовой финансовой системы неизбежен из-за огромного внешнего долга Соединенных Штатов, самого большого в мире. На лето 2011 года он превышает 14,5 трлн долларов.

С другой – стабильность доллара базируется на высоких экономических показателях. Экономика США занимает первое место по валовому внутреннему продукту, опережая Китай, который на второй позиции, почти в два раза. Кроме того, высокому курсу доллара способствует монетарная политика Федеральной резервной системы, а также вера инвесторов, которые сохраняют свои активы в американской валюте и во время кризисов стремятся переводить их в доллары, находя в долговых инструментах США убежище от стихии рыночной экономики.

Материалы по теме: Что нужно знать о долларе США",https://www.banki.ru/static/bundles/ui-2013/NewsBundle/images/1200x630-logo.jpg,"['доллара', 'результате', 'доллар', 'и', 'году', 'за', 'цб', 'сша', 'сегодня', 'курса', 'рф', 'рублю', 'прогноз', 'года', 'на', 'в', 'с']","В результате в 1971-м обмен долларов на золото был окончательно прекращен после соответствующего заявления президента Ричарда Никсона.
В 1976 году в результате международного соглашения была создана новая – Ямайская валютная система, которая окончательно узаконила отказ от золотого обеспечения валют.
Укрепление доллара в 1980-е поставило американских производителей в невыгодное положение относительно других стран.
1999-2001 годы - период нового укрепления доллара США, который был остановлен Федеральной резервной системой, снизившей процентные ставки до 2%, для того чтобы стимулировать экономику.
На лето 2011 года доллар США котируется в пределах 1,40-1,46 доллара за евро, 76-78 японских иен за доллар и 1,62-64 доллара за фунт.",https://www.banki.ru/products/currency/usd/,Курс доллара к рублю,False
1,,"Page link: https://www.profinance.ru/currency_eur.asp



Курс евро онлайн | Курс евро к рублю и USD Forex | Официальный курс ЦБ

18+

Кабинет

Котировки

Web
Online

Графики

Web

Online

Архивы

Новости

Статистика

Форум

Telegram

Курс евро на сегодня / на завтра

Курс евро к рублюЦБ РФ
на 04.11.2021
с 04.11.2021
Курс евро к долларуForex
11:55:53

82.8112
82.8112

1,1573
/
1,1575

Курс евро к рублюForex
08.11.2021 11:56

Курс евро в банкахМосквы покупка/продажа
08.11.2021 11:00

82.568 / 82.588
82.56

Курсы валют
Курс доллара
Курсы валют ЦБ

Charts loading...

	17:43

Главные события недели с 8 по 14 ноября 

	13:30

Самые агрессивные спекулянты резко увеличили ставки против рубля

	04.11

Доллар и облигации возобновили рост после короткой заминки

	04.11

Россия вводит квоты на экспорт удобрений

	03.11

Курс доллара почти не изменился, а рынок акций США вырос после оглашения результатов заседания ФРС

	03.11

Энергетический кризис не мешает нефтяным магнатам зарабатывать миллиарды

Архив курсов валют ЦБ РФ за выбранную дату

Курсы валют ЦБ РФ на 04.11.2021

Январь
Февраль
Март
Апрель
Май
Июнь
Июль
Август
Сентябрь
Октябрь
Ноябрь
Декабрь

2006
2007
2008
2009
2010
2011
2012
2013
2014
2015
2016
2017
2018
2019
2020
2021

Пн
Вт
Ср
Чт
Пт
Сб
Вс

010203040506070809101112131415161718192021222324252627282930                         

Код
За единиц
Валюты
Рублей РФ
Таблица
График

AUD 1

Австралийский доллар 
53.2511

AZN 1

Азербайджанский манат 
42.0763

AMD 100

Армянских драмов 
14.9587

BYN 1

Белорусский рубль 
29.0624

BGN 1

Болгарский лев 
42.353

BRL 1

Бразильский реал 
12.5858

HUF 100

Венгерских форинтов 
23.0512

KRW 1000

Вон Республики Корея 
60.533

HKD 10

Гонконгских долларов 
91.8663

DKK 1

Датская крона 
11.1346

USD 1

Доллар США 
71.4876

EUR 1

Евро 
82.8112

INR 100

Индийских рупий 
95.9501

KZT 100

Казахстанских тенге 
16.6852

CAD 1

Канадский доллар 
57.6141

KGS 100

Киргизских сомов 
84.2744

CNY 1

Китайский юань 
11.1745

MDL 10

Молдавских леев 
40.8501

TMT 1

Новый туркменский манат 
20.4542

NOK 10

Норвежских крон 
84.105

PLN 1

Польский злотый 
18.0224

RON 1

Румынский лей 
16.7344

XDR 1

СДР 
100.9612

SGD 1

Сингапурский доллар 
52.9773

TJS 10

Таджикских сомони 
63.4599

TRY 10

Турецких лир 
74.2512

UZS 10000

Узбекских сумов 
66.736

UAH 10

Украинских гривен 
27.2276

GBP 1

Фунт стерлингов 
97.3733

CZK 10

Чешских крон 
32.3766

SEK 10

Шведских крон 
83.5506

CHF 1

Швейцарский франк 
78.3426

ZAR 10

Южноафриканских рэндов 
46.559

JPY 100

Японских иен 
62.7828

Фондовые индексы
Индекс Доу Джонс
Индекс S&P 500
Индекс Nasdaq Composite
Индекс Nasdaq 100
Индекс FTSE 100
Индекс DAX
Индекс AEX
Индекс CAC 40
Индекс SMI
Индекс РТС
Индекс доллара
АДР на акции
Акции Газпрома
Акции ГМК Норильский никель
Акции Лукойла
Акции Роснефть
Акции Ростелеком
Акции Сургутнефтегаз
Акции Татнефть
Акции ВТБ 
Товарные рынки
Золото
Серебро
Платина
Палладий
Алюминий
Медь
Никель
Нефть Brent
Нефть Light Sweet
Нефть Urals
Курс рубля
Курс доллара к рублю
Курс евро к рублю

Контракты на индексы
Контракт на индекс Nasdaq 100
Контракт на индекс S&P 500
Валютные контракты
Австралийский доллар к японской иене
Австралийский доллар к доллару США
Канадский доллар к японской иене
Швейцарский франк к японской иене
Евро к австралийскому доллару
Евро к канадскому доллару
Евро к швейцарскому франку
Евро к британскому фунту
Евро к японской иене
Евро к доллару США
Британский фунт к швейцарскому франку
Британский фунт к японской иене
Британский фунт к доллару США
Доллар США к канадскому доллару
Доллар США к швейцарскому франку
Доллар США к японской иене
Валютные фьючерсы
Фьючерс на австралийский доллар
Фьючерс на канадский доллар
Фьючерс на швейцарский франк
Фьючерс на евро
Фьючерс на британский фунт
Фьючерс на японскую иену
Фьючерсы на индексы
Фьючерс на индекс Доу Джонс
Фьючерс на индекс S&P 500
Фьючерс на индекс Nasdaq 100
Фьючерс на индекс Nikkei 225

	14:55

«Похороните меня вместе с кубиком» или зачем людям вольфрам

	05.11

ОПЕК сорвет восстановление экономики — Белый дом

	05.11

Откуда в китайских банках столько долларов

	05.11

Центробанки угодили в ловушку легких денег и не знают, как выбраться

	05.11

Citigroup и Goldman рассказали, что будет с ценами на нефть после заседания ОПЕК+

	05.11

Мания на биткоин-фьючерсы ETF прошла — Уолл-Стрит нужна передышка

  	СМ. ТАКЖЕ

Информеры для сайта:

О компании -

Редакция
			·
			Реклама
			·
			Контакты

		Графики и котировки Forex / Форекс -

Котировки
			·
			Котировки онлайн
			·
			Графики
			·
			Графики онлайн
			·
			Информеры - Курс валют ЦБ и Форекс

		Быстрый переход

Котировки валют
			·
			Курс доллара к рублю
			·
			Курс евро к рублю
			·
			Курсы валют к рублю
			·
			Котировки акций
			·
			Нефть
			· Золото
			· Биткоин
			· Нефть Urals

		Аналитика и прогнозы Forex / Форекс -    

Архив новостей валютного и фондового рынка
			·
			Архив экономических новостей и событий

		Сообщество форекс - трейдеров -  

Форекс Форум

	Новости и аналитика рынка валют Forex / Форекс, фондовых и сырьевых рынков на ProFinance.Ru - Copyright © 1995 - 2021 ПроФинанс.ру.

Редакция
	·
	Реклама на сайте
	·

",https://www.profinance.ru/favicon.ico,"['и', 'курс', 'к', 'рублю', 'евро', 'usd', 'forex']",,https://www.profinance.ru/currency_eur.asp,Курс доллара к рублю,False
2,2021-11-03 21:20:57+03:00,"Владимир Евстифеев,

начальник аналитического управления Стабилизация внутреннего долгового рынка является ключевым условием для восстановления рубля Несмотря на определенное давление на рубль перед заседанием ФРС США и фактором длинных выходных, у российской валюты наметились и точки роста. В частности, доходности ОФЗ начали снижаться, отыгрывая, вероятно, избыточный рост начала недели. Стабилизация внутреннего долгового рынка является ключевым условием для восстановления рубля, поэтому данный фактор сейчас перевешивает все остальные драйверы. Еженедельные данные по инфляции останутся под пристальным вниманием — именно они сейчас предопределяют степень жесткости риторики ЦБ РФ. Стоит также следить и за развитием геополитических новостей в свете роста напряжения в Донбассе. При нейтральном развитии ситуации мы не видим поводов роста курса доллара выше отметки 72 руб. При этом базовый краткосрочный прогноз предполагает консолидацию около значения 71 руб. за доллар.

Егор Жильников,

главный аналитик На данный момент сигналы для укрепления рубля выглядят ограниченно Если опустить возможное влияние заседания ФРС США, на следующей неделе ожидаем важную статистику по инфляции в США, запасам сырой нефти, PPI США и Китая, которые будут формировать как секторальные ожидания, так и последующую динамику экономического развития, что, в свою очередь, влияет на позиции доллара. По нашим оценкам, пара доллар-рубль в случае неприятных сюрпризов от заседания ФРС может протестировать отметку 72,5 руб., тем не менее мы сохраняем определенный позитив к рублю и рассчитываем на возвращение курса к концу следующей недели к отметке 71,5 руб./$ на фоне перепроданности национальной валюты. Однако отметим, что на данный момент сигналы для укрепления рубля выглядят ограниченно и говорить о позитивных настроениях к валютам ЕМ с увеличивающимися темпами прироста инфляции сложно.

Денис Буйволов,

аналитик Внутренними факторами влияния остаются слабость рынка долгового долга и покупки валюты в рамках бюджетного правила Наш прогноз по паре доллар-рубль на будущую неделю — 70,5–73,5 руб. Ключевыми для рыночного сентимента в ближайшее время будут итоги заседания ФРС и министерской встречи ОПЕК+. Если рынки легко переварят сигналы ФРС, а ОПЕК+ сохранит приверженность консервативным темпам наращивания добычи, рубль может отыграть часть потерь, вернувшись к отметке 71 руб. за доллар или под нее. Вместе с тем внутренними факторами влияния остаются слабость рынка долгового долга и покупки валюты в рамках бюджетного правила. В ноябре, по данным Минфина РФ, ежедневные покупки инвалюты ЦБ вырастут более чем на 70%, до 25,9 млрд руб., что умеренно негативно для рубля.

Александр Захаров,

руководитель инвестиционного офиса управления клиентских операций на финансовых рынках Видим рубль ближе к 73 руб. за доллар на следующей неделе Как мы и предполагали, российская валюта не смогла закрепиться на отметках ниже 70 руб. за доллар. Попытка США повлиять на ОПЕК+, чтобы организация увеличила поставки нефти на рынок, привела к снижению нефтяных котировок. Напомним, что США собирается распечатать свои стратегические нефтехранилища и минимизировать таким образом покупку нефти на отрытом рынке. Заседание ОПЕК+ уже в четверг, а поэтому рубль будет под давлением. Также влияние на рубль оказывает распродажа российских облигаций, которые продолжают терять в цене после очередного увеличения ключевой ставки. Видим рубль ближе к 73 руб. за доллар на следующей неделе. Этому поспособствуют и рекордные объемы покупок валюты со стороны Минфина.

Максим Тимошенко,

директор департамента операций на финансовых рынках Рубль слабеет после публикации Минфином РФ новых параметров валютных интервенций Локальный валютный рынок в среду малоактивен перед заседанием ФРС, встречей стран ОПЕК+ и трудовой статистикой США, на что накладывается фактор длинного российского уикенда. Рынки ждут от ФРС параметры сокращения скупки активов, сигналы о сроках повышения ставки по доллару, что таит риски для спекуляций с высокодоходными активами, которые в таком случае лишатся дешевого и доступного долларового фондирования. В преддверии решения ФРС доллар минимально дешевеет на валютном рынке по отношению к корзине из шести ключевых валют. После американской отраслевой статистики о росте запасов нефти в США цены на нефть снижаются, что также негативно влияет на котировки рубля. Рубль слабеет после публикации Минфином РФ новых параметров валютных интервенций.",https://im.kommersant.ru/SocialPics/5062750_26_0_1846171910,"['руб', 'доллара', '512', 'и', 'рубль', 'курс', 'фрс', 'сша', 'прогноз', 'к', 'по', 'что', 'ноября', 'на', 'в']","Владимир Евстифеев,начальник аналитического управления Стабилизация внутреннего долгового рынка является ключевым условием для восстановления рубля Несмотря на определенное давление на рубль перед заседанием ФРС США и фактором длинных выходных, у российской валюты наметились и точки роста.
за доллар на следующей неделе Как мы и предполагали, российская валюта не смогла закрепиться на отметках ниже 70 руб.
Попытка США повлиять на ОПЕК+, чтобы организация увеличила поставки нефти на рынок, привела к снижению нефтяных котировок.
Также влияние на рубль оказывает распродажа российских облигаций, которые продолжают терять в цене после очередного увеличения ключевой ставки.
После американской отраслевой статистики о росте запасов нефти в США цены на нефть снижаются, что также негативно влияет на котировки рубля.",https://www.kommersant.ru/doc/5062750,Курс доллара к рублю,False
3,,"Page link: https://yabs.yandex.ru/count/WqWejI_zO3O3zHa0H2rWBcooo95glWK0DWGGW8Y00J7FDuPX000003W4fFMJkEqVW06wbPP0Y076xFheJf01likVYiM0W802c06-ov-AHRW1rjdonn_00LpO0PIq-1_W0Txli0Fe0NgW0eh-4TW20l02fjwXamVu0f3nWkQbnhZLvG6O0vxU9A031AW36e0t-0J0XWQ81S261f05uwK9e0Mbx06e1VJ40R05zCG1k0M-hWB01T79MSW5_-8M1AW61Ca6puE21xuy04cf1nZaq3_hU48Ck0UQ1F47K_ikcUfkHDE020RG29I2Y07W28N_2AcYCvsK5xG_oVWAWBKOgWiGONJWvnZa002qR1n16j050DaBw0l0XWRm2mg83EwStxu1gGnc8c-GifDJF-WCemBW3OE0W43FXugyu9UFW4cW3i24FTWE1Q4FW12Xwg8P6mb010004Hw5wr6u7lK_6GPMdg8VjgKwF_0I1WC2u1E-hWAW5Bwk0gWKuwK9i1JhcjqAk1I0-Q83m1I0mlVB0SWK1D0KWwdiFzWKswULYmRe58G2o1MSjidB_0JG5TkdbOi6s1N1YlRieu-y_6Fme1QG-ycB1hWM0S0M0iaMy3_G5kwStxu1WHUO5y3JJgWN0S0Nj1RG5z260zWNc94zw1S2cHYW60Mm6E7Oc8m6k1W5q1WX-1ZaeyIjf8EfrfK1W1cG6G6W6GIu6T8P4dbXOdDVSsLoTcLoBt8rE34jCkWPWC83y1c0mWE16l__6snej5aza1g0W820W920GA0QvUsKX-honwK6i1gBlBEmXVtCltRr6W4000226qqnDZCsCJWsC3OpDJ8pCJ8nBJ4sD30oEJGsDJGmE38sC38tCJ4rBNPiOJ4jD3OqCorsR64jR3SjOc5iOMvZPN8jE30uC2r2GKmjEJ8tCUaRX0Q-tDk6Fq7m6zs2y0Fu6yAvhmA278WS0kaSW1t_VvaTe1u1g1u18G0uX7nGnav4wDkcYAJu8HTWjDieCcZ8J7oZHYvRy9gPWIOC1f-Z7Bu03zvvzY0NGCSpZTM5cf_0IZZAfxfUtM0LlYR2F2h69AxuS1DL2Tg-E8WNu3dh51aRsia3T2_aJ9qI8PJjE040~1?etext=2202.CVAPu7rzPARDOsXlERyptNrCS3XvqivY7qe2KxhRhtf9-3nLS98zu3g3ezPmoFiEc25vcWFmeWZ6dGZvcmh3ZA.fe5257f13f895d24ac102551c70f778a09395630&from=yandex.ru%3Bsearch%26%23x2F%3B%3Bweb%3B%3B0%3B&q=%D0%BA%D1%83%D1%80%D1%81+%D0%B4%D0%BE%D0%BB%D0%BB%D0%B0%D1%80%D0%B0+%D0%BA+%D1%80%D1%83%D0%B1%D0%BB%D1%8E

",,[],,https://yabs.yandex.ru/count/WqWejI_zO3O3zHa0H2rWBcooo95glWK0DWGGW8Y00J7FDuPX000003W4fFMJkEqVW06wbPP0Y076xFheJf01likVYiM0W802c06-ov-AHRW1rjdonn_00LpO0PIq-1_W0Txli0Fe0NgW0eh-4TW20l02fjwXamVu0f3nWkQbnhZLvG6O0vxU9A031AW36e0t-0J0XWQ81S261f05uwK9e0Mbx06e1VJ40R05zCG1k0M-hWB01T79MSW5_-8M1AW61Ca6puE21xuy04cf1nZaq3_hU48Ck0UQ1F47K_ikcUfkHDE020RG29I2Y07W28N_2AcYCvsK5xG_oVWAWBKOgWiGONJWvnZa002qR1n16j050DaBw0l0XWRm2mg83EwStxu1gGnc8c-GifDJF-WCemBW3OE0W43FXugyu9UFW4cW3i24FTWE1Q4FW12Xwg8P6mb010004Hw5wr6u7lK_6GPMdg8VjgKwF_0I1WC2u1E-hWAW5Bwk0gWKuwK9i1JhcjqAk1I0-Q83m1I0mlVB0SWK1D0KWwdiFzWKswULYmRe58G2o1MSjidB_0JG5TkdbOi6s1N1YlRieu-y_6Fme1QG-ycB1hWM0S0M0iaMy3_G5kwStxu1WHUO5y3JJgWN0S0Nj1RG5z260zWNc94zw1S2cHYW60Mm6E7Oc8m6k1W5q1WX-1ZaeyIjf8EfrfK1W1cG6G6W6GIu6T8P4dbXOdDVSsLoTcLoBt8rE34jCkWPWC83y1c0mWE16l__6snej5aza1g0W820W920GA0QvUsKX-honwK6i1gBlBEmXVtCltRr6W4000226qqnDZCsCJWsC3OpDJ8pCJ8nBJ4sD30oEJGsDJGmE38sC38tCJ4rBNPiOJ4jD3OqCorsR64jR3SjOc5iOMvZPN8jE30uC2r2GKmjEJ8tCUaRX0Q-tDk6Fq7m6zs2y0Fu6yAvhmA278WS0kaSW1t_VvaTe1u1g1u18G0uX7nGnav4wDkcYAJu8HTWjDieCcZ8J7oZHYvRy9gPWIOC1f-Z7Bu03zvvzY0NGCSpZTM5cf_0IZZAfxfUtM0LlYR2F2h69AxuS1DL2Tg-E8WNu3dh51aRsia3T2_aJ9qI8PJjE040~1?etext=2202.CVAPu7rzPARDOsXlERyptNrCS3XvqivY7qe2KxhRhtf9-3nLS98zu3g3ezPmoFiEc25vcWFmeWZ6dGZvcmh3ZA.fe5257f13f895d24ac102551c70f778a09395630&from=yandex.ru%3Bsearch%26%23x2F%3B%3Bweb%3B%3B0%3B&q=%D0%BA%D1%83%D1%80%D1%81+%D0%B4%D0%BE%D0%BB%D0%BB%D0%B0%D1%80%D0%B0+%D0%BA+%D1%80%D1%83%D0%B1%D0%BB%D1%8E,Курс доллара к рублю,False
4,2021-11-05 18:58:00+03:00,"Ключевым событием уходящей недели для курса доллара и рубля стало заседание ФРС, которое прошло на удивление гладко для валютного рынка. Курсы валют по итогам заседания практически не изменились. К середине дня в пятницу курс доллара на Мосбирже опустился до 71,25, курс евро — 82,16.

Рынок акций и рынок драгметаллов, в свою очередь, получили импульс к росту, убедившись в том, что ФРС еще даже не приступает к обсуждению подъема ставок.

Несмотря на пятничное снижение курса доллара к рублю, аналитик «Золотого монетного дома» Дмитрий Голубовский отметил, что многолетняя статистика говорит о том, что после заседаний ФРС доллар имеет тенденцию к росту в последующие пару недель. Именно это, в итоге, и наблюдается: доллар вяло растет против основных валют.

«Сохранение текущей динамики позволяет ожидать теста уровня 1.15 по EUR/доллар сверху, с последующей попыткой разворота. Золото вновь попробует пробиться выше 1800 долларов за унцию. Если попытка будет удачной, следующая цель -1830 долларов», — комментирует новости эксперт.

Что касается курса рубля, он страдает от коррекции цен на нефть, налоговый период закончился и перестал оказывать поддержку, Минфин увеличил свои интервенции до рекордных за всю историю уровней.

«Все эти факторы не позволили рублю воспользоваться ростом спроса на риск, который наблюдается после заседания ФРС на большинстве рынков. Пара USD/RUB уходила выше 71.5 и, по всей видимости, после паузы, пойдет выше, в направлении 73», — дает прогноз курса доллара Дмитрий Голубовский.",https://svpressa.ru/p/31/315/315256/315256.jpg,"['доллара', 'будет', 'после', 'и', 'курс', 'эксперт', 'как', 'расти', 'сказал', 'в', 'к', 'фрс', 'курса', 'что', 'по', 'на', 'долго']","Ключевым событием уходящей недели для курса доллара и рубля стало заседание ФРС, которое прошло на удивление гладко для валютного рынка.
К середине дня в пятницу курс доллара на Мосбирже опустился до 71,25, курс евро — 82,16.
Рынок акций и рынок драгметаллов, в свою очередь, получили импульс к росту, убедившись в том, что ФРС еще даже не приступает к обсуждению подъема ставок.
«Все эти факторы не позволили рублю воспользоваться ростом спроса на риск, который наблюдается после заседания ФРС на большинстве рынков.
Пара USD/RUB уходила выше 71.5 и, по всей видимости, после паузы, пойдет выше, в направлении 73», — дает прогноз курса доллара Дмитрий Голубовский.",https://svpressa.ru/economy/news/315256/,Курс доллара к рублю,False
5,,"Page link: https://www.profinance.ru/chart/copper/



Цена меди на спотовом рынке. Курс покупки/курс продажи. График

18+

Кабинет

Котировки

Web
Online

Графики

Web

Online

Архивы

Новости

Статистика

Форум

Telegram

График цены меди за доллары США на биржевом рынке	

Min | Max

Charts loading...

	27.10

Алюминий в Шанхае подешевел до 10-недельного минимума на фоне падения цен на уголь

	26.10

Безумная неделя на рынке меди кое-что говорит о состоянии мировой экономики

	22.10

Что будет, если на Лондонской бирже закончится металл?

	22.10

Старая экономика мстит за невнимание

	21.10

Никель может взлететь в цене из-за истощения биржевых запасов, как медь и олово

	19.10

На рынке меди наблюдается невиданный сквиз

	14:55

«Похороните меня вместе с кубиком» или зачем людям вольфрам

	05.11

ОПЕК сорвет восстановление экономики — Белый дом

	05.11

Откуда в китайских банках столько долларов

	05.11

Центробанки угодили в ловушку легких денег и не знают, как выбраться

	05.11

Citigroup и Goldman рассказали, что будет с ценами на нефть после заседания ОПЕК+

	05.11

Мания на биткоин-фьючерсы ETF прошла — Уолл-Стрит нужна передышка

Список котировок цветных металлов

ИнструментНаименованиеОбъем

Алюминий (Al)
Цена алюминия за доллары США1 t

Медь (Cu)Цена меди за доллары США1 t

Никель (Ni)Цена никеля за доллары США1 t

1 t - 1 тонна - единица измерения массы, равная 1000 килограммов.

О компании -

Редакция
			·
			Реклама
			·
			Контакты

		Графики и котировки Forex / Форекс -

Котировки
			·
			Котировки онлайн
			·
			Графики
			·
			Графики онлайн
			·
			Информеры - Курс валют ЦБ и Форекс

		Быстрый переход

Котировки валют
			·
			Курс доллара к рублю
			·
			Курс евро к рублю
			·
			Курсы валют к рублю
			·
			Котировки акций
			·
			Нефть
			· Золото
			· Биткоин
			· Нефть Urals

		Аналитика и прогнозы Forex / Форекс -    

Архив новостей валютного и фондового рынка
			·
			Архив экономических новостей и событий

		Сообщество форекс - трейдеров -  

Форекс Форум

	Новости и аналитика рынка валют Forex / Форекс, фондовых и сырьевых рынков на ProFinance.Ru - Copyright © 1995 - 2021 ПроФинанс.ру.

Редакция
	·
	Реклама на сайте
	·

",https://www.profinance.ru/favicon.ico,"['покупки', 'спотовом', 'курс', 'цена', 'рынке', 'на', 'меди']",,https://www.profinance.ru/chart/copper/,Курс доллара к рублю,False
6,,"Page link: https://www.profinance.ru/chart/brent/



Цены на нефть сегодня | Онлайн графики цен нефти Brent и WTI

18+

Кабинет

Котировки

Web
Online

Графики

Web

Online

Архивы

Новости

Статистика

Форум

Telegram

График цены нефти Brent	

Min | Max

Charts loading...

	11:29

Нефть ушла в глубокую бэквордацию и стала зависеть от газа

	10:44

Цены на нефть выросли после того, как США приняли законопроект об инфраструктуре

	05.11

ОПЕК сорвет восстановление экономики — Белый дом

	05.11

Доллар спокоен, акции растут после выхода отчета по рынку труда в США

	05.11

Citigroup и Goldman рассказали, что будет с ценами на нефть после заседания ОПЕК+

	04.11

Доллар и облигации возобновили рост после короткой заминки

	17:43

Главные события недели с 8 по 14 ноября 

	13:30

Самые агрессивные спекулянты резко увеличили ставки против рубля

	04.11

Доллар и облигации возобновили рост после короткой заминки

	04.11

Россия вводит квоты на экспорт удобрений

	03.11

Курс доллара почти не изменился, а рынок акций США вырос после оглашения результатов заседания ФРС

	03.11

Энергетический кризис не мешает нефтяным магнатам зарабатывать миллиарды

Список котировок нефти

ИнструментНаименованиеОбъем

BrentЦена нефти марки брент за доллары США1 bbl

Light SweetЦена нефти марки лайт свит за доллары США1 bbl

UralsЦена нефти марки юралс за доллары США1 bbl

1 bbl - 1 баррель - единица измерения объема, равная 158,987 куб.дм.

О компании -

Редакция
			·
			Реклама
			·
			Контакты

		Графики и котировки Forex / Форекс -

Котировки
			·
			Котировки онлайн
			·
			Графики
			·
			Графики онлайн
			·
			Информеры - Курс валют ЦБ и Форекс

		Быстрый переход

Котировки валют
			·
			Курс доллара к рублю
			·
			Курс евро к рублю
			·
			Курсы валют к рублю
			·
			Котировки акций
			·
			Нефть
			· Золото
			· Биткоин
			· Нефть Urals

		Аналитика и прогнозы Forex / Форекс -    

Архив новостей валютного и фондового рынка
			·
			Архив экономических новостей и событий

		Сообщество форекс - трейдеров -  

Форекс Форум

	Новости и аналитика рынка валют Forex / Форекс, фондовых и сырьевых рынков на ProFinance.Ru - Copyright © 1995 - 2021 ПроФинанс.ру.

Редакция
	·
	Реклама на сайте
	·

",https://www.profinance.ru/favicon.ico,"['нефти', 'wti', 'и', 'графики', 'brent', 'онлайн', 'цен']",,https://www.profinance.ru/chart/brent/,Курс доллара к рублю,False
7,,"Page link: https://www.profinance.ru/cbrf/?s=USDRUB_CBRF



USDRUB_CBRF Chart

Charts loading...

",,"['cbrf', 'chart']",,https://www.profinance.ru/cbrf/?s=USDRUB_CBRF,Курс доллара к рублю,False
8,,"Page link: https://www.profinance.ru/currency_usd.asp



Курс доллара онлайн | Курс доллара к рублю Forex | Официальный курс ЦБ

18+

Кабинет

Котировки

Web
Online

Графики

Web

Online

Архивы

Новости

Статистика

Форум

Telegram

Курс доллара на сегодня / на завтра

Курс доллара к рублюЦБ РФ

на 04.11.2021

с 04.11.2021

Курс доллара к евроForex

11:55:53

71.4876

71.4876

1,1573
/
1,1575

Курс доллара к рублюForex
08.11.2021 11:56

Курс доллара в банкахМосквы покупка/продажа
08.11.2021 11:00

71.347 / 71.357
71.43

Курсы валют
Курс евро
Курсы валют ЦБ

Charts loading...

	17:43

Главные события недели с 8 по 14 ноября 

	13:30

Самые агрессивные спекулянты резко увеличили ставки против рубля

	04.11

Доллар и облигации возобновили рост после короткой заминки

	04.11

Россия вводит квоты на экспорт удобрений

	03.11

Курс доллара почти не изменился, а рынок акций США вырос после оглашения результатов заседания ФРС

	03.11

Энергетический кризис не мешает нефтяным магнатам зарабатывать миллиарды

Архив курсов валют ЦБ РФ за выбранную дату

Курсы валют ЦБ РФ на 04.11.2021

Январь
Февраль
Март
Апрель
Май
Июнь
Июль
Август
Сентябрь
Октябрь
Ноябрь
Декабрь

2006
2007
2008
2009
2010
2011
2012
2013
2014
2015
2016
2017
2018
2019
2020
2021

Пн
Вт
Ср
Чт
Пт
Сб
Вс

010203040506070809101112131415161718192021222324252627282930                         

Код
За единиц
Валюты
Рублей РФ
Таблица
График

AUD 1

Австралийский доллар 
53.2511

AZN 1

Азербайджанский манат 
42.0763

AMD 100

Армянских драмов 
14.9587

BYN 1

Белорусский рубль 
29.0624

BGN 1

Болгарский лев 
42.353

BRL 1

Бразильский реал 
12.5858

HUF 100

Венгерских форинтов 
23.0512

KRW 1000

Вон Республики Корея 
60.533

HKD 10

Гонконгских долларов 
91.8663

DKK 1

Датская крона 
11.1346

USD 1

Доллар США 
71.4876

EUR 1

Евро 
82.8112

INR 100

Индийских рупий 
95.9501

KZT 100

Казахстанских тенге 
16.6852

CAD 1

Канадский доллар 
57.6141

KGS 100

Киргизских сомов 
84.2744

CNY 1

Китайский юань 
11.1745

MDL 10

Молдавских леев 
40.8501

TMT 1

Новый туркменский манат 
20.4542

NOK 10

Норвежских крон 
84.105

PLN 1

Польский злотый 
18.0224

RON 1

Румынский лей 
16.7344

XDR 1

СДР 
100.9612

SGD 1

Сингапурский доллар 
52.9773

TJS 10

Таджикских сомони 
63.4599

TRY 10

Турецких лир 
74.2512

UZS 10000

Узбекских сумов 
66.736

UAH 10

Украинских гривен 
27.2276

GBP 1

Фунт стерлингов 
97.3733

CZK 10

Чешских крон 
32.3766

SEK 10

Шведских крон 
83.5506

CHF 1

Швейцарский франк 
78.3426

ZAR 10

Южноафриканских рэндов 
46.559

JPY 100

Японских иен 
62.7828

Фондовые индексы
Индекс Доу Джонс
Индекс S&P 500
Индекс Nasdaq Composite
Индекс Nasdaq 100
Индекс FTSE 100
Индекс DAX
Индекс AEX
Индекс CAC 40
Индекс SMI
Индекс РТС
Индекс доллара
АДР на акции
Акции Газпрома
Акции ГМК Норильский никель
Акции Лукойла
Акции Роснефть
Акции Ростелеком
Акции Сургутнефтегаз
Акции Татнефть
Акции ВТБ 
Товарные рынки
Золото
Серебро
Платина
Палладий
Алюминий
Медь
Никель
Нефть Brent
Нефть Light Sweet
Нефть Urals
Курс рубля
Курс доллара к рублю
Курс евро к рублю

Контракты на индексы
Контракт на индекс Nasdaq 100
Контракт на индекс S&P 500
Валютные контракты
Австралийский доллар к японской иене
Австралийский доллар к доллару США
Канадский доллар к японской иене
Швейцарский франк к японской иене
Евро к австралийскому доллару
Евро к канадскому доллару
Евро к швейцарскому франку
Евро к британскому фунту
Евро к японской иене
Евро к доллару США
Британский фунт к швейцарскому франку
Британский фунт к японской иене
Британский фунт к доллару США
Доллар США к канадскому доллару
Доллар США к швейцарскому франку
Доллар США к японской иене
Валютные фьючерсы
Фьючерс на австралийский доллар
Фьючерс на канадский доллар
Фьючерс на швейцарский франк
Фьючерс на евро
Фьючерс на британский фунт
Фьючерс на японскую иену
Фьючерсы на индексы
Фьючерс на индекс Доу Джонс
Фьючерс на индекс S&P 500
Фьючерс на индекс Nasdaq 100
Фьючерс на индекс Nikkei 225

	14:55

«Похороните меня вместе с кубиком» или зачем людям вольфрам

	05.11

ОПЕК сорвет восстановление экономики — Белый дом

	05.11

Откуда в китайских банках столько долларов

	05.11

Центробанки угодили в ловушку легких денег и не знают, как выбраться

	05.11

Citigroup и Goldman рассказали, что будет с ценами на нефть после заседания ОПЕК+

	05.11

Мания на биткоин-фьючерсы ETF прошла — Уолл-Стрит нужна передышка

  	СМ. ТАКЖЕ

Информеры курсов валют для сайта:

О компании -

Редакция
			·
			Реклама
			·
			Контакты

		Графики и котировки Forex / Форекс -

Котировки
			·
			Котировки онлайн
			·
			Графики
			·
			Графики онлайн
			·
			Информеры - Курс валют ЦБ и Форекс

		Быстрый переход

Котировки валют
			·
			Курс доллара к рублю
			·
			Курс евро к рублю
			·
			Курсы валют к рублю
			·
			Котировки акций
			·
			Нефть
			· Золото
			· Биткоин
			· Нефть Urals

		Аналитика и прогнозы Forex / Форекс -    

Архив новостей валютного и фондового рынка
			·
			Архив экономических новостей и событий

		Сообщество форекс - трейдеров -  

Форекс Форум

	Новости и аналитика рынка валют Forex / Форекс, фондовых и сырьевых рынков на ProFinance.Ru - Copyright © 1995 - 2021 ПроФинанс.ру.

Редакция
	·
	Реклама на сайте
	·

",https://www.profinance.ru/favicon.ico,"['доллара', 'курс', 'к', 'рублю', 'forex']",,https://www.profinance.ru/currency_usd.asp,Курс доллара к рублю,False
9,,"Эмитентом доллара выступает Центральный банк США — Федеральная Резервная Система США. Динамика доллара определяется процентной ставкой ФРС, инфляцией и темпами роста экономики США. Помимо этого, доллар - одна из резервных валют мира, которая используется в международной торговле, валютных и биржевых торгах. Изменение ставки ФРС оказывает влияние не только на ситуацию в экономике в США, но и на глобальную экономику.

Динамика доллара США

Падение доллара может быть вызвано геополитическими факторами или опубликованием данных по американскому рынку, которые не оправдали ожидания экспертов и инвесторов.

Курс доллара может подрасти в связи со спросом на валюту или в период выплат компаниями своих внешних долгов. Снижение стоимости нефти на мировых рынках, публикация позитивных статистических показателей по американскому рынку и рост фондовых индексов США также часто сопровождается укреплением доллара.

Отношение курса доллара США к национальным валютам определяется Центральными банками стран мира, которые опираются на результаты валютных торгов на фондовых рынках в своих государствах. В России средневзвешенный курс доллара к рублю определяется также спросом и предложением на биржевых торгах, спекулятивными трендами и различными бизнес-факторами. Например, в день выплаты налогов в рублях в России, доллар может дешеветь.",https://finance.rambler.ru/special/finance.jpg,"['доллара', 'фондовых', 'ммвб', 'и', 'определяется', 'торгах', 'фрс', 'сегодня', 'цб', 'сша', 'по', 'курса', 'рублю', 'может', 'на', 'в']","Изменение ставки ФРС оказывает влияние не только на ситуацию в экономике в США, но и на глобальную экономику.
Динамика доллара СШАПадение доллара может быть вызвано геополитическими факторами или опубликованием данных по американскому рынку, которые не оправдали ожидания экспертов и инвесторов.
Курс доллара может подрасти в связи со спросом на валюту или в период выплат компаниями своих внешних долгов.
Отношение курса доллара США к национальным валютам определяется Центральными банками стран мира, которые опираются на результаты валютных торгов на фондовых рынках в своих государствах.
В России средневзвешенный курс доллара к рублю определяется также спросом и предложением на биржевых торгах, спекулятивными трендами и различными бизнес-факторами.",https://finance.rambler.ru/currencies/USD/,Курс доллара к рублю,False
10,,"Page link: https://yandex.ru/news/quotes/1.html

Курс доллара США USD к российскому рублю по ЦБ РФ на сегодня: Котировки валют на Яндекс.НовостяхЯндекс НайтиБудьте в ПлюсеВойтиПоискКартинкиВидеоКартыМаркетНовостиПереводчикКьюДискПочтаВсеНовостные рубрикиГлавноеЭкономикаЕщёСанкт-ПетербургЭкономикаЕщёВидеоЭкономикаЕщёИнтересноеЭкономикаЕщёКоронавирусЭкономикаЕщёПолитикаЭкономикаЕщёОбществоЭкономикаЕщёЭкономикаЕщёВ миреЕщёСпортЕщёПроисшествияЕщёКультураЕщёТехнологииЕщёНаукаЕщёАвтоЭкономикаЕщёАкцииБиржевые курсыСырьёЦены на бензинБиржевые индексыКурсы биткойнаКросс-курсыНаличные курсы УкраиныКурсы валют НБ УкраиныКурсы валют НБ Республики КазахстанКурсы валют НБ Республики БеларусьКурсы валют ЦБ РФДинамика курса доллара США к рублю (USD, ЦБ РФ)По состоянию на 10:00 МскЗа последние 9 днейДатаКурсИзменение04.11.2171,48760,0103.11.2171,47830,3902.11.2171,08630,5730.10.2170,52000,0029.10.2170,52070,7128.10.2169,81040,2627.10.2169,55260,5826.10.2170,13450,7323.10.2170,86230,13ГлавноеВ Минцифры подтвердили, что QR-коды вакцинированных действуют в течение годаRT на русском11:48Мишустин: правительство проведет масштабную цифровую трансформацию в промышленностиLenta.ru11:47Гинцбург сообщил, что для защиты от дельта-штамма коронавируса достаточно 300 антителТАСС11:42Бывший министр энергетики России Сергей Шматко умер на 56-м году жизниРИА Новости11:44В Брянской области и еще пяти регионах продлили введенные из-за COVID-19 нерабочие дниLenta.ru11:46Зеленский раскритиковал действия СССР при освобождении Киева от нацистов в 1943 годуГазета.Ru11:24Глава Минприроды России Александр Козлов заразился коронавирусомLenta.ru11:47Депутат рады Волошин: попытка наступления в Донбассе вызовет уничтожающий удар по УкраинеИзвестия11:13Представитель Red Wings заявил, что зарплата пилотов Superjet находится на рыночном уровнеLenta.ru11:05Группа беженцев, направляющаяся к границе с Польшей, попала на видеоГазета.Ru11:49В Екатеринбурге родители школьников вышли к мэрии с критикой дистанционного обученияГазета.Ru11:42Акции Tesla упали на 9,5 процента на предварительных торгахLenta.ru11:45Владимир Кехман проведет сокращение штата в МХАТ им. ГорькогоРоссийская газета11:27В Роспотребнадзоре заявили о большей схожести симптомов COVID-19 и ОРВИРоссийская газета11:44Прокурор Лукоянов: Пол Уилан пытался получить сведения об учащихся учебного заведения ФСБРИА Новости11:32Как работают Яндекс.НовостиИнформация для СМИБаза данных СМИПользовательское соглашениеРекламаОбратная связьСейчас в СМИ. СтатистикаСправка© 2021 ЯндексДанные предоставлены: АО «Интерфакс»В период с 11:45 по 14:00 в рабочие дни указан средневзвешенный курс доллара США на торгах ПАО «Московская Биржа» с расчетами «завтра» в 11:30 по московскому времени.",https://yastatic.net/iconostasis/_/nS9G734lQ3F9syXDyxt0X7dauVs.png,"['российскому', 'курс', 'сегодня', 'цб', 'сша', 'рф', 'по', 'рублю', 'яндексновостях', 'на']",,https://yandex.ru/news/quotes/1.html,Курс доллара к рублю,False
11,,"Курс доллара не опустится ниже 70 руб. в ближайшие годы, хотя российская валюта укрепится по сравнению с текущими уровнями, ожидает Минэкономразвития. Аналитики выдвигают аргументы в пользу и более сильного, и более слабого рубля

Фото: Екатерина Кузьмина / РБК

Минэкономразвития включило помесячный прогноз по курсу рубля в обновленный прогноз социально-экономического развития страны на 2022 год и плановый период 2023–2024 годов. Это следует из проекта прогноза, с которым ознакомился РБК (его подлинность подтвердили два чиновника, знакомых с содержанием документа).

В опубликованной версии предыдущего прогноза (на 2021–2023 годы) помесячного прогноза котировок национальной валюты не было (.pdf). Согласно базовому сценарию Минэкономразвития, по итогам сентября средний курс составит 73,1 руб. за доллар (73,5 руб. по итогам третьего квартала 2021 года), затем рубль начнет укрепляться до 72,7 руб. в октябре, 72,3 руб. в ноябре и 71,9 руб. в декабре. Ведомство ждет курс на уровне 72,3 руб. за доллар в среднем за четвертый квартал и 73,6 руб. за весь 2021 год.

На динамику курса рубля в первом полугодии повлияло расширение положительного сальдо текущего счета (в январе—июне его профицит вырос на 72%, до $43,1 млрд), говорится в тексте документа. По итогам всего года с учетом наращивания экспорта нефти в рамках сделки ОПЕК+ и стабилизации динамики импорта Минэкономразвития ожидает профицит текущего счета на уровне $95,4 млрд (5,6% ВВП).

С другой стороны, «стабилизирующее влияние на динамику курса» оказывали операции Минфина по покупке иностранной валюты в соответствии с бюджетным правилом, отмечается в прогнозе ведомства. Всего Минфин купил валюту на $14,3 млрд. Влияли на курс также и «временные факторы, связанные с ожиданиями и настроениями участников финансового рынка». «По мере исчерпания указанных факторов до конца года ожидается дальнейшее умеренное укрепление рубля», — говорится в прогнозе ведомства.",https://s0.rbk.ru/v6_top_pics/media/img/1/12/756322207399121.jpg,"['руб', 'рубля', 'и', 'курс', 'на', 'за', 'прогноз', 'по', 'прогноза', 'курсу', 'подготовило', 'помесячный', 'минэкономразвития', 'в', 'с']","Аналитики выдвигают аргументы в пользу и более сильного, и более слабого рубляФото: Екатерина Кузьмина / РБКМинэкономразвития включило помесячный прогноз по курсу рубля в обновленный прогноз социально-экономического развития страны на 2022 год и плановый период 2023–2024 годов.
Это следует из проекта прогноза, с которым ознакомился РБК (его подлинность подтвердили два чиновника, знакомых с содержанием документа).
В опубликованной версии предыдущего прогноза (на 2021–2023 годы) помесячного прогноза котировок национальной валюты не было (.pdf).
На динамику курса рубля в первом полугодии повлияло расширение положительного сальдо текущего счета (в январе—июне его профицит вырос на 72%, до $43,1 млрд), говорится в тексте документа.
Влияли на курс также и «временные факторы, связанные с ожиданиями и настроениями участников финансового рынка».",https://www.rbc.ru/finances/21/09/2021/61487ef69a79479015d35aa6,Курс доллара к рублю,False
12,,,,,,https://www.vbr.ru/banki/kurs-valut/prodaja-usd/,Курс доллара к рублю,False
13,,"Курс доллара в банках Cанкт-Петербурга на сегодня

Курс доллара на сегодня в банках Санкт-Петербурга – важная информация, поскольку денежная единица используется для совершения различных сделок на территории России. За текущими значениями следят желающие:

продать иностранные деньги;

совершить наличный обмен;

открыть вклад;

купить средства для оплаты товаров и услуг.

Как меняется курс доллара в банках Санкт-Петербурга

Этот показатель часто устанавливается руководством территориальных финансовых учреждений, с учетом официальных данных курса доллара ЦБ РФ. Курс доллара в банках Спб постоянно меняется, поскольку является плавающим. Расчет происходит ежедневно, до начала работы обменных пунктов.

Спрогнозировать изменения в отношении американской валюты проще на год, чем на меньшие временные отрезки. Это связано с возможностью оценки стоимости нефти, санкциями, общим состоянием экономики России и Америки.

Смотрите также: Актуальный курс евро на сегодня

Чтобы продажа или покупка валюты была максимально выгодной, нужно сравнить курс доллара в обменниках Санкт-Петербурга на сегодня. Сделать это легко с помощью нашего сайта. Есть возможность проанализировать информацию с помощью таблицы или графиков. Последние удобны, если оценивать показатели за длительный промежуток времени. На нашем сайте можете ознакомиться со значениями, представленными самыми крупными банками.

Для удобства пользователей предлагаем конвертер, а также подсветку лучших значений. Покупка доллара в Санкт-Петербурге по выгодному курсу с предоставленной информацией может быть произведена в любое время. Но перед посещением выбранного банка или филиала рекомендуем уточнить сведения по телефонам. На интернет-портале есть все для этого необходимое: телефоны учреждений, адреса, режимы работы.",https://ru.myfin.by/img/favicon/favicon.ico,"['санктпетербурге', 'доллара', 'покупки', 'банках', 'учреждений', 'для', 'это', 'курс', 'сегодня', 'сша', 'онлайн', 'или', 'продажи', 'санктпетербурга', 'на', 'в', 'с']","Курс доллара в банках Cанкт-Петербурга на сегодняКурс доллара на сегодня в банках Санкт-Петербурга – важная информация, поскольку денежная единица используется для совершения различных сделок на территории России.
Как меняется курс доллара в банках Санкт-ПетербургаЭтот показатель часто устанавливается руководством территориальных финансовых учреждений, с учетом официальных данных курса доллара ЦБ РФ.
Курс доллара в банках Спб постоянно меняется, поскольку является плавающим.
Смотрите также: Актуальный курс евро на сегодняЧтобы продажа или покупка валюты была максимально выгодной, нужно сравнить курс доллара в обменниках Санкт-Петербурга на сегодня.
Покупка доллара в Санкт-Петербурге по выгодному курсу с предоставленной информацией может быть произведена в любое время.",https://ru.myfin.by/currency/usd/sankt-peterburg,Курс доллара к рублю,False
14,,"USD/RUB - Доллар США Российский рубль Москва Тикер Биржа Валюта USDFIXME=RTS Москва RUB C задержкой RUBFIX=RTS Москва RUB Реальное время USD/RUB Форекс в реальном времени RUB Реальное время USD/RUB TOM Форекс в реальном времени RUB Реальное время USD/RUB TOD Форекс в реальном времени RUB Реальное время SIRTSc1 Москва RUB C задержкой Добавить/Убрать из портфеля Добавить в портфель

71,3705 +0,1137 +0,16% 11:55:41 - Режим реального времени. Предупреждение ) - Режим реального времени. Вид: Валюта Группа: Второстепенная Базовая: Доллар США Вторичная: Российский рубль Пред. закр.: 71,2568

Спрос/Предл.: 71,3705 / 71,3705

Дн. диапазон: 71,1553 - 71,5142

USD/RUB 71,3705 +0,1137 +0,16%

Обзор USD/RUB

Пред. закр. 71,2568 Спрос 71,3813 Дн. диапазон 71,1553 - 71,5142 Открытие 71,2986 Предл. 71,3813 52 недель 69,2347 - 78,0207 Изменение за год - 7,96%

Каков ваш прогноз по инструменту USD/RUB? или Прогноз пользователей: Бычий Медвежий Проголосуйте и узнайте мнения остальных пользователей

Тип 5 мин 15 мин 1 час 1 день 1 месяц Скол. средние Продавать Продавать Покупать Продавать Нейтрально Тех. индикаторы Активно продавать Покупать Активно покупать Активно покупать Активно продавать Резюме Активно продавать Нейтрально Активно покупать Нейтрально Продавать

Настроить таблицу: Параметры: Временной период Все 15 30 1H 5H 1D 1W 1M Тип Все Бычий Медвежий Направление Все Разворот Продолжение Надежность Высокая/средняя/низкая Высокая/средняя Только высокая Обновить Восстановить настройки по умолчанию

Модель Временной период Надежность Х свечей назад Время Завершенные модели Doji Star Bearish 1D 3 02.11.2021 Bullish Engulfing 1D 7 27.10.2021 Dark Cloud Cover 30 8 08.11.2021 07:30 Bullish Engulfing 30 9 08.11.2021 07:00 Three Outside Down 1M 11 Дек. '20

Котировки USD/RUB

Начните торговать с ведущими брокерами

Брокеры Регулятор Мин. вклад Комиссия по ценным бумагам и биржам Кипра (Кипр), Комиссия по ценным бумагам и инвестициям Австралии (Австралия), Комиссия по международным финансовым услугам (Белиз) $5 Торговать Комиссия по ценным бумагам и биржам Кипра (Кипр), Управление по финансовому регулированию и контролю (Великобритания), Комиссия по ценным бумагам и инвестициям Австралии (Австралия), Служба регулирования отрасли финансовых услуг (США) $200 Торговать Нет $1 Торговать Нет $500 Торговать Управление по финансовому регулированию и надзору (Сент-Винсент и Гренадины ) $1 Торговать

Центральные банки

Федеральная резервная система (FED) Текущая ставка 0,00%-0,25% Председатель Jerome H. Powell

Центральный банк Российской... (CBR) Текущая ставка 7,50% Председатель Набиуллина Эльвира

В связи с жалобами других пользователей вам временно запрещено добавлять новые комментарии. Ваш статус будет проверен нашим модератором в ближайшее время. Пожалуйста, подождите минуту, прежде чем оставить комментарий.





Карта валют

Дисклеймер: Fusion Media не несет никакой ответственности за утрату ваших денег в результате того, что вы положились на информацию, содержащуюся на этом сайте, включая данные, котировки, графики и сигналы форекс. Операции на международном валютном рынке Форекс содержат в себе высокий уровень риска. Торговля на рынке Форекс может не подходить для всех инвесторов. Спекулируйте только теми деньгами, которые Вы можете позволить себе потерять. Fusion Media напоминает вам, что данные, предоставленные на данном сайте, не обязательно даны в режиме реального времени и могут не являться точными. Все цены на акции, индексы, фьючерсы носят ориентировочный характер и на них нельзя полагаться при торговле. Версия этого документа на английском языке является определяющей и имеет преимущественную силу в том случае, если возникают разночтения между версиями на английском и русском языках. Таким образом, Fusion Media не несет никакой ответственности за любые убытки, которые вы можете понести в результате использования этих данных. Вы ищете акции, котировки или графики форекс? Взгляните на портал Investing.com - лучший технический анализ и современный экономический календарь к вашим услугам! Английская версия данного соглашения является основной версией в случае, если информация на русском и английском языке не совпадают.",https://i-invdn-com.investing.com/redesign/images/seo/investing_300X300.png,"['доллара', 'investingcom', 'котировки', 'и', 'форекс', 'курс', 'в', 'к', 'по', 'rub', 'рублю', 'не', 'время', 'активно', 'на', 'продавать', 'usd', 'времени']","USD/RUB - Доллар США Российский рубль Москва Тикер Биржа Валюта USDFIXME=RTS Москва RUB C задержкой RUBFIX=RTS Москва RUB Реальное время USD/RUB Форекс в реальном времени RUB Реальное время USD/RUB TOM Форекс в реальном времени RUB Реальное время USD/RUB TOD Форекс в реальном времени RUB Реальное время SIRTSc1 Москва RUB C задержкой Добавить/Убрать из портфеля Добавить в портфель71,3705 +0,1137 +0,16% 11:55:41 - Режим реального времени.
средние Продавать Продавать Покупать Продавать Нейтрально Тех.
Fusion Media напоминает вам, что данные, предоставленные на данном сайте, не обязательно даны в режиме реального времени и могут не являться точными.
Все цены на акции, индексы, фьючерсы носят ориентировочный характер и на них нельзя полагаться при торговле.
Английская версия данного соглашения является основной версией в случае, если информация на русском и английском языке не совпадают.",https://ru.investing.com/currencies/usd-rub,Курс доллара к рублю,False
15,,"Page link: https://www.cbr.ru/currency_base/daily/



Официальные курсы валют на заданную дату, устанавливаемые ежедневно | Банк России

ул. Неглинная, 12, Москва, 107016
8 800 300-30-00
www.cbr.ru

Поиск по сайту

Интернет-приемная

RU
EN

Поиск по сайту

Интернет-приемная

RU
EN

Что вы хотите найти?

Искать

Деятельность
Финансовые рынки
Документы и данные
О Банке России
Сервисы

Коронавирус: поддержка экономики, бизнеса, граждан

+7 499 300-30-008 800 300-30-00300Бесплатно для звонков с мобильных телефонов

Новости
Решения Банка России
Контактная информация
Карта сайта
О сайте

Проверить финансовую организацию

Базы данных

База данных по курсам валют

Официальные курсы валют на заданную дату, устанавливаемые ежедневно

04.11.2021

		 Центральный банк Российской Федерации установил с 
		 04.11.2021
		 следующие курсы иностранных валют к рублю Российской Федерации без обязательств Банка России покупать или продавать указанные валюты по данному курсу	 

Цифр. код
Букв. код
Единиц
Валюта
Курс

036
AUD
1
Австралийский доллар
53,2511

944
AZN
1
Азербайджанский манат
42,0763

051
AMD
100
Армянских драмов
14,9587

933
BYN
1
Белорусский рубль
29,0624

975
BGN
1
Болгарский лев
42,3530

986
BRL
1
Бразильский реал
12,5858

348
HUF
100
Венгерских форинтов
23,0512

410
KRW
1000
Вон Республики Корея
60,5330

344
HKD
10
Гонконгских долларов
91,8663

208
DKK
1
Датская крона
11,1346

840
USD
1
Доллар США
71,4876

978
EUR
1
Евро
82,8112

356
INR
100
Индийских рупий
95,9501

398
KZT
100
Казахстанских тенге
16,6852

124
CAD
1
Канадский доллар
57,6141

417
KGS
100
Киргизских сомов
84,2744

156
CNY
1
Китайский юань
11,1745

498
MDL
10
Молдавских леев
40,8501

934
TMT
1
Новый туркменский манат
20,4542

578
NOK
10
Норвежских крон
84,1050

985
PLN
1
Польский злотый
18,0224

946
RON
1
Румынский лей
16,7344

960
XDR
1
СДР (специальные права заимствования)
100,9612

702
SGD
1
Сингапурский доллар
52,9773

972
TJS
10
Таджикских сомони
63,4599

949
TRY
10
Турецких лир
74,2512

860
UZS
10000
Узбекских сумов
66,7360

980
UAH
10
Украинских гривен
27,2276

826
GBP
1
Фунт стерлингов Соединенного королевства
97,3733

203
CZK
10
Чешских крон
32,3766

752
SEK
10
Шведских крон
83,5506

756
CHF
1
Швейцарский франк
78,3426

710
ZAR
10
Южноафриканских рэндов
46,5590

392
JPY
100
Японских иен
62,7828

Страница была полезной?

Да
Нет

Последнее обновление страницы: 03.11.2021

Наверх

ул. Неглинная, 12, Москва, 107016

8 800 300-30-00(круглосуточно, бесплатно для звонков из регионов России)
+7 499 300-30-00(круглосуточно, в соответствии с тарифами вашего оператора)
300(круглосуточно, бесплатно для звонков с мобильных телефонов)

Личный кабинет участников рынка
Отношения с инвесторами
Перечень инсайдерской информации Банка России
Официальное опубликование нормативных актов Банка России
Проекты нормативных актов Банка России
Перечень нерабочих праздничных дней и перенесенных выходных дней

О сайте
Контакты
Противодействие коррупции
Технические ресурсы

Версия для слабовидящихОбычная версия

© Банк России, 2000–2021.
Дизайн сайта — 

На сайте Банка России используются файлы cookie

Оставаясь на www.cbr.ru, вы принимаете
пользовательское соглашение

Подтвердить

",https://www.cbr.ru/common/images/share-1.jpg,"['валют', 'устанавливаемые', 'заданную', 'курсы', 'официальные', 'ежедневно', 'дату', 'на']",,https://www.cbr.ru/currency_base/daily/,Курс доллара к рублю,False
16,,"Page link: https://www.Sravni.ru/valjuty/usd/sankt-peterburg/



Курс доллара США в банках Санкт-Петербурга, курс покупки и продажи доллара США в Санкт-Петербурге на сегодня

Ваш город

По вашему запросу ничего не найдено.

Города России

Области России

Деньги

Подбор кредита

Кредитный рейтинг

Потребительские кредиты

Кредитные карты

Автокредиты

Займы

Вклады

Ипотека

Дебетовые карты

Рефинансирование кредитов

Курсы обмена валют

Перевод на карту

Рейтинг банков

Список банков

Отзывы о банках

Список МФО

Отзывы об МФО

Страхование

ОСАГО

Каско

Страхование ипотеки

Страхование недвижимости

Страхование путешественников

Страхование спортсменов

Страхование от укуса клеща

Страхование от критических болезней

Проверка КБМ

Рейтинг страховых компаний

Список страховых компаний

Отзывы о страховых компаниях

Статьи о страховании

Бизнес

Расчетно-кассовое обслуживание

Кредиты для бизнеса

Курс для предпринимателей

Рейтинг банков

Отзывы о банках

Статьи о бизнесе

Журнал

Статьи

Новости

Спецпроекты

Тесты и игры

Вопрос-ответ

Новости партнёров

Наша редакция

Карты

Вклады

Кредиты

Инвестиции

Недвижимость

Страхование

Советы

Instagram

Telegram

Facebook

VK

OK

Zen

Деньги

Подбор кредита

Кредитный рейтинг

Потребительские кредиты

Кредитные карты

Автокредиты

Займы

Вклады

Ипотека

Дебетовые карты

Рефинансирование кредитов

Курсы обмена валют

Перевод на карту

Рейтинг банков

Список банков

Отзывы о банках

Список МФО

Отзывы об МФО

Страхование

ОСАГО

Каско

Страхование ипотеки

Страхование недвижимости

Страхование путешественников

Страхование спортсменов

Страхование от укуса клеща

Страхование от критических болезней

Проверка КБМ

Рейтинг страховых компаний

Список страховых компаний

Отзывы о страховых компаниях

Статьи о страховании

Бизнес

Расчетно-кассовое обслуживание

Кредиты для бизнеса

Курс для предпринимателей

Рейтинг банков

Отзывы о банках

Статьи о бизнесе

Журнал

Статьи

Новости

Спецпроекты

Тесты и игры

Вопрос-ответ

Новости партнёров

Наша редакция

Карты

Вклады

Кредиты

Инвестиции

Недвижимость

Страхование

Советы

Instagram

Telegram

Facebook

VK

OK

Zen

Войти

Поиск

Найти

Курсы валют

Калькулятор

Отзывы

									Курс доллара США в Санкт-Петербурге

Обновлены в 11:39

Валюта
Курс ЦБ

Прогноз на завтра
Завтра

Лучшая покупка
Покупка

Лучшая продажа
Продажа

USD

71,49 ₽
+ 0,40 ₽

71,49 ₽
0,00 ₽

71,29 ₽
Ак Барс

69,88 ₽
Уралсиб

								Калькулятор валют

На карте

Купить

КупитьПродать

КупитьПродать

Сумма

Доллар США

Доллар СШАЕвроКитайский юаньФунт стерлинговШвейцарский франкАвстралийский долларДатская кронаКазахский тенгеКанадский долларШведская кронаЯпонская иена

Доллар СШАЕвроКитайский юаньФунт стерлинговШвейцарский франкАвстралийский долларДатская кронаКазахский тенгеКанадский долларШведская кронаЯпонская иена

Доллар США

Евро

Юань

Английский фунт

Рекомендованные

Все банки

Банк

Продажа

Покупка

Московский Кредитный Банк

72,80 ₽

Курс $

69,80 ₽

Курс $

72,80 ₽

Курс $

36 400 ₽

Сумма

3:05
Время

Подробнее

Уралсиб

72,81 ₽

Курс $

69,88 ₽

Курс $

72,81 ₽

Курс $

36 405 ₽

Сумма

9:36
Время

Подробнее

Совкомбанк

71,65 ₽

Курс $

71,15 ₽

Курс $

71,65 ₽

Курс $

35 825 ₽

Сумма

10:51
Время

Подробнее

МТС-Банк

72,15 ₽

Курс $

70,65 ₽

Курс $

72,15 ₽

Курс $

36 075 ₽

Сумма

11:05
Время

Подробнее

Локо-Банк

72,10 ₽

Курс $

71,00 ₽

Курс $

72,10 ₽

Курс $

36 050 ₽

Сумма

11:35
Время

Подробнее

Газпромбанк

71,94 ₽

Курс $

71,03 ₽

Курс $

71,94 ₽

Курс $

35 970 ₽

Сумма

11:50
Время

Подробнее

Ак Барс

71,65 ₽

Курс $

71,29 ₽

Курс $

71,65 ₽

Курс $

35 825 ₽

Сумма

11:50
Время

Подробнее

Московский Кредитный Банк

84,10 ₽

Курс €

81,10 ₽

Курс €

84,10 ₽

Курс €

42 050 ₽

Сумма

3:05
Время

Подробнее

Уралсиб

84,27 ₽

Курс €

80,67 ₽

Курс €

84,27 ₽

Курс €

42 135 ₽

Сумма

9:36
Время

Подробнее

Совкомбанк

82,80 ₽

Курс €

82,30 ₽

Курс €

82,80 ₽

Курс €

41 400 ₽

Сумма

10:51
Время

Подробнее

МТС-Банк

83,30 ₽

Курс €

81,80 ₽

Курс €

83,30 ₽

Курс €

41 650 ₽

Сумма

11:05
Время

Подробнее

Локо-Банк

83,20 ₽

Курс €

82,10 ₽

Курс €

83,20 ₽

Курс €

41 600 ₽

Сумма

11:35
Время

Подробнее

Газпромбанк

83,08 ₽

Курс €

82,17 ₽

Курс €

83,08 ₽

Курс €

41 540 ₽

Сумма

11:50
Время

Подробнее

Ак Барс

82,73 ₽

Курс €

82,37 ₽

Курс €

82,73 ₽

Курс €

41 365 ₽

Сумма

11:50
Время

Подробнее

Показать еще

О курсах обмена доллара в Санкт-ПетербургеХотите выгодно купить или продать доллар в Санкт-Петербурге? С помощью Сравни.ру вы можете найти подходящий курс обмена. Для этого просто укажите в форме поиска сумму и вид валюты. Калькулятор найдет и выстроит предложения банков по курсу покупки или продажи. Источники информации о курсе доллара в Санкт-ПетербургеУказаны данные о курсах обмена валют для головного офиса на основе информации, официально опубликованной банком. Наличие конкретной валюты и курс ее обмена в дополнительных офисах обслуживания, филиалах, банкоматах, онлайн-банке, и других подразделениях могут отличаться. Пожалуйста, всегда уточняйте с банком возможность и фактический курс проведения обменных операций. 

Клиентский рейтинг банков

Банк
Рейтинг
Отзывы

1. Тинькофф Банк
5
4345

2. Совкомбанк
4,652180329
874

3. Газпромбанк
4,187690764
667

4. ОТП Банк
4,071314674
1451

5. ФК Открытие
3,791389807
773

					Полный рейтинг

Рейтинг банков по активам

Банк
Объем, ()
Изм. (год)

1. Сбербанк
36 337 млрд
+17,72%

2. Газпромбанк
7 285 млрд
+7,29%

3. Альфа-Банк
4 681 млрд
+18,99%

4. Россельхозбанк
4 214 млрд
+15,03%

5. Московский Кредитный Банк
3 146 млрд
+17,13%

					Полный рейтинг

Рейтинг банков по прибыли

Банк
Объем, ()
Изм. (год)

1. Сбербанк
386 081 млн
+67,75%

2. Альфа-Банк
38 373 млн
-63,21%

3. ФК Открытие
34 476 млн
+288,69%

4. Газпромбанк
27 232 млн
+52,02%

5. Траст
21 309 млн
+292,26%

					Полный рейтинг

Рейтинг банков по объему вкладов

Банк
Объем, ()
Изм. (год)

1. Сбербанк
9 982 млрд
-2,97%

2. Россельхозбанк
1 114 млрд
+3,43%

3. Газпромбанк
1 015 млрд
-1,25%

4. ФК Открытие
526 млрд
-17,87%

5. Совкомбанк
402 млрд
+2,91%

					Полный рейтинг

USD

EUR

Средний

71,44 руб.

82,66 руб.

ЦБ

71,49 руб.

82,81 руб.

Сравни.ru
>
Курсы валют
>
доллара США
>
в Санкт-Петербурге
>

Обмен валют
Курсы валют
Продажа доллара
Покупка доллара
Продажа евро
Покупка евро
Курсы ЦБ РФ
Средние курсы
Конвертер валют
Курс биткоина
Конвертеры всех валют

Курсы валют в банках
Курс доллара
Курс евро
Курс франка
Курс юаня
Курс фунта стерлингов
Курс иены
Курс тенге
Курс гривны
Курс доллара к рублю

Полезное
Прогноз курса Доллара
Прогноз курса Евро
Прогноз курса Юаня
Прогноз курса Тенге
Прогноз курса Гривны
Прогноз курса Биткоина
Калькулятор евро к доллару
Конвертер доллара к рублю
Путеводитель по валютам
Выбор города

Курсы валют ЦБ РФ
Курс доллара ЦБ РФ
Курс евро ЦБ РФ
Курс франка ЦБ РФ
Курс юаня ЦБ РФ
Курс фунта стерлингов ЦБ РФ
Курс иены ЦБ РФ
Курс тенге ЦБ РФ
Курс гривны ЦБ РФ

Установка мобильного приложения

							Наведите камеру своего телефона на QR-код и перейдите по ссылке для установки приложения Sravni.ru

О проекте

Контакты

Партнерская программа

Для агентов

Пользовательское соглашение

Политика конфиденциальности

Энциклопедия

Карта сайта

Наши эксперты

Наши вакансии

© 2009–2021, ООО «Сравни.ру». При использовании материалов гиперссылка на sravni.ru обязательна. 
ИНН 7710718303, ОГРН 1087746642774. 109544, г. Москва, бульвар Энтузиастов, дом 2, 26 этаж.

Мы используем файлы cookie для того, чтобы предоставить пользователям больше 
возможностей при посещении сайта sravni.ru. Подробнее об условиях использования.

Вход
Регистрация

Facebook

ВКонтакте

E-mail

Пароль

Забыли пароль?

Facebook

ВКонтакте

Ваше имя

E-mail

Пароль

Я согласен с условиями передачи информации

Забыли пароль?

Введите e-mail, указанный при регистрации.

E-mail

Изменение пароля

Новый пароль

Повторить пароль

Изменение пароля прошло успешно

Регистрация прошла успешно
На указанный Вами адрес e-mail будет выслан запрос, для подтверждения регистрации перейдите по ссылке.

Изменить пароль
Инструкции по восстановлению пароля отправлены на указанный e-mail.

",https://www.Sravni.ru/favicon.ico,"['санктпетербурге', 'доллара', 'покупки', 'курс', 'сегодня', 'сша', 'продажи', 'санктпетербурга', 'на', 'в']",,https://www.Sravni.ru/valjuty/usd/sankt-peterburg/,Курс доллара к рублю,False
17,,"Page link: https://www.sberometer.ru/forex-now.php



Курс доллара сейчас на ФОРЕКСе

											Курс доллара и евро сейчас и на завтра

На 
USD: 
EUR: 
Нефть (Brent): 
BTC: 

Валюта сейчас
Курсы ЦБ
Новости
Рейтинг 
банков,вкладов,карт

Форум

Инвестиции в золото
Сбережения
Квартира
Оракулы
Онлайн:
USD,
EUR,
Нефть,
Золото,
Акции,
Крипта

Конкурс

Войти через

Курс доллара на рынке FOREX в реальном времени

Курс доллара на TradingView

На графике представлен курс доллара на рынке FOREX в реальном режиме времени (см. также онлайн курс евро , нефти, золота и акций). Для справки:
Рынок FOREX (ФОРЕКС) – это не какая-то отдельная биржа, а общее понятие валютного рынка, котировки на котором определяются в том числе и биржевыми данными. Не путайте понятие ФОРЕКС с отдельными фирмами (брокерами), которые на этом рынке работают. FOREX – это глобальное обозначение мирового рынка, на котором торгуют валютой.
Чем отличается текущий курс доллара на FOREX от курса на Московской бирже (ММВБ)? В часы работы Московской биржи курс форекса соответствует курсу ММВБ (+/- несколько копеек). Иначе и не может быть, т.к. Московское биржа является определяющим источником курса валюты, когда она работает, весь мир ориентируется по ней. Именно по данным торгов Московской биржи Центральный банк России устанавливает официальный курс.
Почему в то время, когда не работает Московская биржа курс доллара на форексе такой странный (прыгает туда сюда, сильно поднимается, резко падает и т.п.)? Потому что в отсутствии торгов на нашей валютной бирже нет надежного источника информации о курсе рубля и провайдера финансовой информации приходится черпать информацию из различных менее достоверных источников, где рубль торгуется в весьма ограниченных объемах, а значит курс кидает из стороны в сторону. В такое время не стоит сильно полагаться на курс форекса, лучше дождаться открытия российской биржи.

Про валюту в Facebook (см. также группу FB)

Сберометр на Facebook 

Включить мобильную версию сайта

© Audit-it.ru, 2013 - 2021			Реклама на сайте

				или оставьте свои
				отзывы и предложения

Условия использования и конфиденциальность

Для iOS:

Для Android:

Мы в соцсетях:

Telegram 

",https://www.sberometer.ru/images/logo_short1.jpg,"['доллара', 'форексе', 'курс', 'сейчас', 'на']",,https://www.sberometer.ru/forex-now.php,Курс доллара к рублю,False
18,,"Объем торгов выше, чем обычно

Объем торгов выше, чем обычно Значительное отклонение говорит о том, что с компанией происходит что-то необычное: цена таких акций может сильно изменится в ближайшее время",https://s.rbk.ru/v5_quote_static/current/images/social-icon.png,"['таких', 'рбк', 'график', 'с', 'том', 'сильно', 'прогноз', 'цена', 'торгов', 'чтото', 'что', 'динамика', 'чем', 'инвестиции', 'выше', 'usdrub']","Объем торгов выше, чем обычноОбъем торгов выше, чем обычно Значительное отклонение говорит о том, что с компанией происходит что-то необычное: цена таких акций может сильно изменится в ближайшее время",https://quote.rbc.ru/ticker/59111,Курс доллара к рублю,False
19,2021-10-26 00:00:00,"Рубль останется одной из самых привлекательных высокодоходных валют в 2022 году. Об этом во вторник, 26 октября, заявил ведущий аналитик «Открытие Брокер» Андрей Кочетков.

«В 2022 году ставка российского Центробанка будет достаточно высокой. Предложений с подобной доходностью в мире весьма мало, а значит рубль будет оставаться одной из самых привлекательных высокодоходных валют», — приводит агентство «Прайм» слова Кочеткова.

Эксперт добавил, что при условии замедления инфляции рубль войдет в полосу роста реальной доходности. Если будет реализован сценарий начала цикла смягчения, на рынок облигаций вернутся нерезиденты.

Аналитик также обратил внимание на то, что сдерживает рубль бюджетное правило (наложение длительных ограничений на показатели бюджетной политики. — Ред.), которое практически полностью нивелирует рост доходов от подорожания нефти.

22 октября доцент РЭУ им. Г.В. Плеханова Денис Домащенко заявил, что падение курса доллара США в последнее время связано с тем, что рынок находится во власти спекулятивно настроенных игроков. Им выгодно продавить валюту как можно ниже с целью более комфортного уровня покупок в дальнейшем, отметил специалист.

В тот же день курс доллара опустился ниже 70,5 рубля на Мосбирже впервые с июля прошлого года. Курс евро снижался на 64 копейки, до 82,02 рубля. По данным торговой площадки на 14:00 мск пятницы, доллар стоил 70,16 рубля, евро — 81,68 рубля.

Стоимость доллара по отношению к рублю снижается с сентября. 1 октября стратег по рынкам валют и процентных ставок SberCIB Investment Research Юрий Попов заявил, что единственной из ключевых мировых валют, укрепившейся по отношению к доллару в сентябре, стал российский рубль. Эксперт связал это с политикой ЦБ, который повысил базовую ставку. Он прогнозировал, что рубль не потеряет в весе и в октябре.

С марта 2021 года Центробанк пытается нормализовать денежно-кредитную политику, повышая ключевую ставку. В том месяце он повысил ее на 25 б.п., до 4,5%, с исторически минимальных 4,25%. На последнем заседании совета директоров 22 октября регулятор в шестой раз повысил базовую ставку до 7,5%. Последнее заседание по ставке в этом году состоится 17 декабря, но оно будет неопорным.",http://cdn.iz.ru/sites/default/files/styles/900x506/public/news-2021-10/KAZ_5544.jpg?itok=Xfog_dT1,"['рубля', 'будет', 'валют', 'году', 'дал', 'рубль', '2022', 'прогноз', 'по', 'доходности', 'что', 'ставку', 'аналитик', 'октября', 'на', 'в', 'с']","Рубль останется одной из самых привлекательных высокодоходных валют в 2022 году.
Предложений с подобной доходностью в мире весьма мало, а значит рубль будет оставаться одной из самых привлекательных высокодоходных валют», — приводит агентство «Прайм» слова Кочеткова.
Аналитик также обратил внимание на то, что сдерживает рубль бюджетное правило (наложение длительных ограничений на показатели бюджетной политики.
Он прогнозировал, что рубль не потеряет в весе и в октябре.
Последнее заседание по ставке в этом году состоится 17 декабря, но оно будет неопорным.",https://iz.ru/1240945/2021-10-26/analitik-dal-prognoz-po-dokhodnosti-rublia-v-2022-godu,Курс доллара к рублю,False
20,,"Основные направления единой государственной денежно-кредитной политики на 2021 год и период 2022 и 2023 годов

www.cbr.ru",https://cbr.ru/common/images/share-1.jpg,"['и', 'федерации', 'период', 'на', 'государственной', 'направления', 'единой', 'годовwwwcbrru', 'центральный', 'российской', 'политики', 'денежнокредитной', 'банк', 'основные']",Основные направления единой государственной денежно-кредитной политики на 2021 год и период 2022 и 2023 годовwww.cbr.ru,https://cbr.ru/,Курс доллара к рублю,False
21,,"Page link: https://yabs.yandex.ru/count/WlmejI_zO1G3bHS0P2XWBcooM591vWK050GGW8Y00J7FDuPX000003W4xF2da8iMW06yZQgewU79iRS1Y06GzTYFVf01bE3jzTA0W802c06KuEtrKhW1g9kfyYB00LpO0VB8mWdW0Sgp_GVe0P01e0AsgFqKm0B9X0hO0WBm0gRUePC7W0FeojNn1eW3vwcEpGsO0zVl7QW36i7U0lW4aU81Y0MHuW6G1Rwu0g05_qIe1Ryvi0M_ERW5kK_01Rwu0iW5kK_Uak340S-3WWU-F019gGSOvD0_wtX23BW7j0RG1mRn1rFxBfdgRaJJW0W6q0YKWfW1u0YRrBuAW0e1c0ha2ydu2e2r6AeB465quESOv000j6mSGHhG1G3P2-WBaU81y0iAY0povTw-0QaCPY9laBAJKp_e3AC2u0s3W810puUAlE2NZu19e0x0X3tO3WMX3u0GrS6m2Q0Y1hNjPqR4oGG_y1860mBW4xbFe1IvJwWKlhW2f9EtYmRe58G2o1NWbfxU1T0Lf9EtYmRO5S6AzkoZZxpyO_2W5f3xoOi6oHRG5lBbthu1WHUO5zwecmIe5m705xGMs1V0X3te5m6P6A0O2B0OuTYOZ0Qu607G627u6EIZnAsaWwdMbG606P0P0Q0P1BWPqXaIUM5YSrzpPN9sPN8lSZKuCIqow1c0mWFm6O320u4Q__yVieV9sRkG6e20W82W4B0QYxopi8NzpBzszHe10000WXjDCJOpDZ4uDZ0sCpKoCp4oCIqnDZGmCZaqDZKqC3WoDZ0oDp4nDIrsR64nBJGsD3CjTcnXBMmtBM9XR65kOsLoBJWmE30jGa5CBJaoDp6278WS0UaSW1t_VvaTu1t9lxO2e1u1g1u1800uXF0_uvKbD6MdGD9fa6i7xGf56Wqvs4VENBQ7zZ7gNpOp0qrK33w_ENm36K27Qz0clXYdl2hlrGqMHOGzuUiaplXm6jK2RNdNeeC3_EBe7ADaR82Tb94t_01DjAKwXT3w-ZMF4Cfsd000~1?etext=2202.CVAPu7rzPARDOsXlERyptNrCS3XvqivY7qe2KxhRhtf9-3nLS98zu3g3ezPmoFiEc25vcWFmeWZ6dGZvcmh3ZA.fe5257f13f895d24ac102551c70f778a09395630&from=yandex.ru%3Bsearch%26%23x2F%3B%3Bweb%3B%3B0%3B&q=%D0%BA%D1%83%D1%80%D1%81+%D0%B4%D0%BE%D0%BB%D0%BB%D0%B0%D1%80%D0%B0+%D0%BA+%D1%80%D1%83%D0%B1%D0%BB%D1%8E

",,[],,https://yabs.yandex.ru/count/WlmejI_zO1G3bHS0P2XWBcooM591vWK050GGW8Y00J7FDuPX000003W4xF2da8iMW06yZQgewU79iRS1Y06GzTYFVf01bE3jzTA0W802c06KuEtrKhW1g9kfyYB00LpO0VB8mWdW0Sgp_GVe0P01e0AsgFqKm0B9X0hO0WBm0gRUePC7W0FeojNn1eW3vwcEpGsO0zVl7QW36i7U0lW4aU81Y0MHuW6G1Rwu0g05_qIe1Ryvi0M_ERW5kK_01Rwu0iW5kK_Uak340S-3WWU-F019gGSOvD0_wtX23BW7j0RG1mRn1rFxBfdgRaJJW0W6q0YKWfW1u0YRrBuAW0e1c0ha2ydu2e2r6AeB465quESOv000j6mSGHhG1G3P2-WBaU81y0iAY0povTw-0QaCPY9laBAJKp_e3AC2u0s3W810puUAlE2NZu19e0x0X3tO3WMX3u0GrS6m2Q0Y1hNjPqR4oGG_y1860mBW4xbFe1IvJwWKlhW2f9EtYmRe58G2o1NWbfxU1T0Lf9EtYmRO5S6AzkoZZxpyO_2W5f3xoOi6oHRG5lBbthu1WHUO5zwecmIe5m705xGMs1V0X3te5m6P6A0O2B0OuTYOZ0Qu607G627u6EIZnAsaWwdMbG606P0P0Q0P1BWPqXaIUM5YSrzpPN9sPN8lSZKuCIqow1c0mWFm6O320u4Q__yVieV9sRkG6e20W82W4B0QYxopi8NzpBzszHe10000WXjDCJOpDZ4uDZ0sCpKoCp4oCIqnDZGmCZaqDZKqC3WoDZ0oDp4nDIrsR64nBJGsD3CjTcnXBMmtBM9XR65kOsLoBJWmE30jGa5CBJaoDp6278WS0UaSW1t_VvaTu1t9lxO2e1u1g1u1800uXF0_uvKbD6MdGD9fa6i7xGf56Wqvs4VENBQ7zZ7gNpOp0qrK33w_ENm36K27Qz0clXYdl2hlrGqMHOGzuUiaplXm6jK2RNdNeeC3_EBe7ADaR82Tb94t_01DjAKwXT3w-ZMF4Cfsd000~1?etext=2202.CVAPu7rzPARDOsXlERyptNrCS3XvqivY7qe2KxhRhtf9-3nLS98zu3g3ezPmoFiEc25vcWFmeWZ6dGZvcmh3ZA.fe5257f13f895d24ac102551c70f778a09395630&from=yandex.ru%3Bsearch%26%23x2F%3B%3Bweb%3B%3B0%3B&q=%D0%BA%D1%83%D1%80%D1%81+%D0%B4%D0%BE%D0%BB%D0%BB%D0%B0%D1%80%D0%B0+%D0%BA+%D1%80%D1%83%D0%B1%D0%BB%D1%8E,Курс доллара к рублю,False
